run_id,user_id
run_98d22eaf,student_cb8be28b@example.com
run_98d22eaf,student_d1733c9a@example.com
run_98d22eaf,student_0506ac8f@example.com
run_98d22eaf,student_a44eae78@example.com
run_98d22eaf,student_a7edf666@example.com
run_98d22eaf,student_9412eaf3@example.com
run_98d22eaf,student_85efe398@example.com
run_98d22eaf,student_eb977e98@example.com
run_98d22eaf,student_7c66bb7d@example.com
run_98d22eaf,student_574281bc@example.com
run_98d22eaf,student_b2f29a81@example.com
run_98d22eaf,student_ad8d9732@example.com
run_98d22eaf,student_9fc4180f@example.com
run_98d22eaf,student_c06e44fc@example.com
run_98d22eaf,student_238f3fcb@example.com
run_98d22eaf,student_8780f228@example.com
run_98d22eaf,student_71ccdf08@example.com
run_98d22eaf,student_cc5ec7f1@example.com
run_98d22eaf,student_71a87c2b@example.com
run_98d22eaf,student_e8cff591@example.com
run_98d22eaf,student_1f49b84d@example.com
run_98d22eaf,student_caac10a1@example.com
run_98d22eaf,student_158aca4e@example.com
run_98d22eaf,student_7dd1f843@example.com
run_98d22eaf,student_417ddb45@example.com
run_98d22eaf,student_64f984a9@example.com
run_98d22eaf,student_314e0daf@example.com
run_98d22eaf,student_bf91a3c4@example.com
run_98d22eaf,student_d6ccb694@example.com
run_98d22eaf,student_e6cf05e5@example.com
run_98d22eaf,student_94743142@example.com
run_98d22eaf,student_57f093d9@example.com
run_98d22eaf,student_1e2098c4@example.com
run_98d22eaf,student_ac29af37@example.com
run_98d22eaf,student_6c5d74a2@example.com
run_98d22eaf,student_b06b0aad@example.com
run_98d22eaf,student_899e46d2@example.com
run_98d22eaf,student_f9c8226a@example.com
run_98d22eaf,student_4e123737@example.com
run_98d22eaf,student_30a24d1b@example.com
run_98d22eaf,student_d166a9e1@example.com
run_98d22eaf,student_9812eaa8@example.com
run_98d22eaf,student_c25d952e@example.com
run_98d22eaf,student_595f97fe@example.com
run_98d22eaf,student_cedc26cc@example.com
run_98d22eaf,student_add1940a@example.com
run_98d22eaf,student_aebf94f3@example.com
run_98d22eaf,student_7c8f7c64@example.com
run_98d22eaf,student_2f543bff@example.com
run_98d22eaf,student_4dcdf499@example.com
run_98d22eaf,student_b91a4c58@example.com
run_98d22eaf,student_58ad5248@example.com
run_98d22eaf,student_a6599fae@example.com
run_98d22eaf,student_7cfdaa99@example.com
run_98d22eaf,student_de4c5c4c@example.com
run_98d22eaf,student_9e18e945@example.com
